{"cameraMode":{"drawMode":0,"name":"Shaded","section":"Shading Mode"},"sceneLighting":true,"audioPlay":false,"sceneViewState":{"m_AlwaysRefresh":false,"showFog":true,"showSkybox":true,"showFlares":true,"showImageEffects":true,"showParticleSystems":true,"showVisualEffectGraphs":true,"m_FxEnabled":true},"in2DMode":false,"pivot":{"x":-0.5931019186973572,"y":0.603827714920044,"z":10.138782501220704},"rotation":{"x":0.10245408862829209,"y":-0.8074347972869873,"z":0.14718958735466004,"w":0.5620617270469666},"size":1.9050755500793458,"orthographic":false}