{"cameraMode":{"drawMode":0,"name":"Shaded","section":"Shading Mode"},"sceneLighting":true,"audioPlay":false,"sceneViewState":{"m_AlwaysRefresh":false,"showFog":true,"showSkybox":true,"showFlares":true,"showImageEffects":true,"showParticleSystems":true,"showVisualEffectGraphs":true,"m_FxEnabled":true},"in2DMode":false,"pivot":{"x":-8.580825805664063,"y":5.920409202575684,"z":0.4150184392929077},"rotation":{"x":0.2870778739452362,"y":-0.16673871874809266,"z":0.05083812028169632,"w":0.9420203566551209},"size":0.6535638570785523,"orthographic":false}