{"cameraMode":{"drawMode":0,"name":"Shaded","section":"Shading Mode"},"sceneLighting":true,"audioPlay":false,"sceneViewState":{"m_AlwaysRefresh":false,"showFog":true,"showSkybox":true,"showFlares":true,"showImageEffects":true,"showParticleSystems":true,"showVisualEffectGraphs":true,"m_FxEnabled":true},"in2DMode":false,"pivot":{"x":-14.934534072875977,"y":4.9859113693237309,"z":-1.5235967636108399},"rotation":{"x":-0.30787232518196108,"y":0.06837902963161469,"z":-0.022227387875318528,"w":-0.9486837387084961},"size":1.89334237575531,"orthographic":false}